Invoice No.,Date,Customer Name,Product,Quantity,Unit Price,Total Price,Status,Batch Number,Manufacturing Date,Salesperson,Shipping Cost,Discount,Inventory Location,Customer Address,Customer Email,Customer Phone Number,Tax Rate,Payment Terms,Payment Due Date
1,01/07/2024,Nur Nurulhaida Danial binti Nazuri,Red Glass Bottle,272,12,3264,Pending,BATCH-0073,25/06/2024,Jeevandran,13.12,0.21,Rawang,"150, Jalan Mega Mendung, Taman United",andrea12nur@gmail.com,015-1543-6195,0.05,Net 45,15/08/2024
2,01/07/2024,Suresh Pillai,Blue Bottle,211,5,1055,Paid,BATCH-0083,16/06/2024,Uthaya,9.12,0.14,Alam Jaya,"7a, Jalan 51/215, Seksyen 51",sureshpillai02@gmail.com,014-8084-5342,0.05,Net 60,30/08/2024
3,02/07/2024,Anjali a/l Devi,Yellow Bottle,286,7,2002,Pending,BATCH-0079,01/07/2024,Kai Wen,12.99,0.25,Rawang,"145, Jalan 3/1, Taman Serdang Jaya",anjaliDevv601@gmail.com,019-9165-2946,0.1,Net 45,16/08/2024
4,02/07/2024,Lim Mei Ling,Black Steel Bottle,245,8,1960,Pending,BATCH-0093,28/06/2024,Alif,6.64,0.1,Rawang,"20, Jalan Pulau Pinang 8, Taman Bukit Intan",maylim88@gmail.com,016-8176-7587,0.1,Net 60,31/08/2024
5,02/07/2024,Nurul Ain binti Hassan,Blue Bottle,45,5,225,Paid,BATCH-0023,12/06/2024,Jie Ning,16.83,0.28,Puchong,"Block A, Unit 5-3, Jalan Residen Utama, Desa Parkcity",nurulain457@gmail.com,018-3059-1539,0.07,Net 30,01/08/2024
6,02/07/2024,Ong Chee Ming,Yellow Bottle,138,7,966,Paid,BATCH-0068,23/06/2024,Kai Wen,14.78,0.03,Puchong,"35, Jalan Pengacara U1/48, Kawasan Perindustrian Temasya",ong_cheeming@gmail.com,017-2389-6704,0.07,Net 30,01/08/2024
7,03/07/2024,Maria anak Kalong,Orange Colander,162,3,486,Paid,BATCH-0028,10/06/2024,Iskandar,12.82,0.06,Puchong,"63, Jalan Cempaka 1a, Taman Anugerah Suria",mariamariammama@gmail.com,010-8654-1894,0.07,Net 60,01/09/2024
8,03/07/2024,Rosalyn anak Maja,Orange Colander,185,3,555,Pending,BATCH-0066,01/06/2024,Alif,17.51,0.01,Puchong,"13, Jalan Ros 2a/3, Taman Ros",rosalyn_a_maja@gmail.com,019-8515-3863,0.05,Net 60,01/09/2024
9,04/07/2024,Vali Davidson,Blue Steel Bottle,293,15,4395,Paid,BATCH-0012,05/06/2024,Alif,16.61,0.18,Rawang,"3A, Jalan Ceylon, Bukit Ceylon",davidsonvali1120@gmail.com,017-3032-8768,0.05,Net 60,02/09/2024
10,05/07/2024,Lee Wei Han,Blue Bottle,147,5,735,Paid,BATCH-0007,18/06/2024,Uthaya,12.48,0.03,Banting,"1-041, 1st Floor, Plaza Low Yat, Jln Bukit Bintang",leslielee@gmail.com,011-7512-7289,0.1,Net 30,04/08/2024
11,06/07/2024,Ng Li Wei,Yellow Bottle,112,7,784,Paid,BATCH-0086,21/06/2024,Catherine,8.95,0.18,Banting,"36-1, Jalan Puteri 7/10, Bandar Puteri",liwei999@gmail.com,014-6692-8533,0.1,Net 60,04/09/2024
12,06/07/2024,Nisha Lee Farida,Blue Bottle,263,5,1315,Pending,BATCH-0087,18/06/2024,Jeevandran,17.73,0.27,Puchong,"25, Jalan Puteri 5/16, Bandar Puteri",nishh_22@gmail.com,012-3678-6748,0.07,Net 60,04/09/2024
13,06/07/2024,Phang Xin Yi,Red Bottle,150,4,600,Paid,BATCH-0086,20/06/2024,Uthaya,12.95,0.02,Alam Jaya,"Block C, Unit 20-1, Marc Residence, Jalan Pinang",phang.xiny@gmail.com,014-5259-4953,0.05,Net 30,05/08/2024
14,06/07/2024,Suresh Pillai,Red Bottle,243,4,972,Pending,BATCH-0056,10/06/2024,Alif,16.04,0.21,Puchong,"7a, Jalan 51/215, Seksyen 51",sureshpillai02@gmail.com,014-8084-5342,0.1,Net 60,04/09/2024
15,06/07/2024,Vijay Kumar,Orange Colander,20,3,60,Pending,BATCH-0059,22/06/2024,Catherine,15.3,0.14,Puchong,"Block A, Unit 21-15, The Troika, Persiaran KLCC",vijay007@gmail.com,014-1556-5959,0.07,Net 60,04/09/2024
16,08/07/2024,Chin Mei Yan,Black Bottle,128,9,1152,Paid,BATCH-0025,28/06/2024,Uthaya,10.23,0.24,Puchong,"23, Jalan Jintan, Taman Supreme",chin1974yan@yahoo.com,011-2794-2026,0.07,Net 60,06/09/2024
17,08/07/2024,EcoMart Ventures Sdn Bhd,Orange Colander,106,3,318,Paid,BATCH-0099,07/06/2024,Jonathan Wong,8.94,0.11,Puchong,"41, Persiaran Tasek, Kawasan Perindustrian Tasek",ecomart.ventures@gmail.com,017-6300-3823,0.05,Net 30,07/08/2024
18,08/07/2024,John Davis,Yellow Bottle,248,7,1736,Paid,BATCH-0060,10/06/2024,Iskandar,9.38,0.07,Puchong,"12, Jalan Todak 17/12, Seksyen 17",johndavis99@gmail.com,014-438-6869,0.07,Net 30,07/08/2024
19,09/07/2024,Chin Mei Yan,Black Bottle,287,9,2583,Paid,BATCH-0036,29/06/2024,Kumar,19.22,0.21,Banting,"23, Jalan Jintan, Taman Supreme",chin1974yan@yahoo.com,011-2794-2026,0.07,Net 60,07/09/2024
20,10/07/2024,EcoMart Ventures Sdn Bhd,Black Steel Bottle,218,8,1744,Paid,BATCH-0093,01/07/2024,Uthaya,12.36,0.26,Puchong,"41, Persiaran Tasek, Kawasan Perindustrian Tasek",ecomart.ventures@gmail.com,017-6300-3823,0.07,Net 60,08/09/2024
21,11/07/2024,Kasinather a/l Waythamoorthy,White Colander,78,2,156,Pending,BATCH-0045,29/06/2024,Iskandar,17.08,0.11,Alam Jaya,"3, Jalan Bersatu 13, Taman Bersatu",kasin1997@gmail.com,012-8619-8997,0.07,Net 45,25/08/2024
22,11/07/2024,Neoh Liau Han,Yellow Bottle,50,7,350,Pending,BATCH-0054,18/06/2024,Kai Wen,19.4,0.2,Banting,"4, Lrg Padang 1C, Taman Prima Impian",neohlh_1307@gmail.com,011-7926-3880,0.07,Net 60,09/09/2024
23,11/07/2024,Ng Li Wei,Blue Bottle,186,5,930,Paid,BATCH-0019,14/06/2024,Uthaya,8.03,0.05,Puchong,"36-1, Jalan Puteri 7/10, Bandar Puteri",liwei999@gmail.com,014-6692-8533,0.1,Net 30,10/08/2024
24,11/07/2024,Suresh Pillai,Yellow Bottle,192,7,1344,Pending,BATCH-0058,11/06/2024,Uthaya,17.36,0.25,Puchong,"7a, Jalan 51/215, Seksyen 51",sureshpillai02@gmail.com,014-8084-5342,0.07,Net 45,25/08/2024
25,11/07/2024,Vali Davidson,Red Glass Bottle,128,12,1536,Pending,BATCH-0055,21/06/2024,Catherine,5.61,0.24,Puchong,"3A, Jalan Ceylon, Bukit Ceylon",davidsonvali1120@gmail.com,017-3032-8768,0.05,Net 45,25/08/2024
26,12/07/2024,Lim Siew Ling,Black Bottle,100,9,900,Paid,BATCH-0080,12/06/2024,Kumar,10.3,0.25,Alam Jaya,"14, Jalan Puteri 5/2, Bandar Puteri",siewling_lim@gmail.com,016-9231-1011,0.1,Net 45,26/08/2024
27,12/07/2024,Ong Chee Ming,Red Bottle,59,4,236,Pending,BATCH-0035,14/06/2024,Jonathan Wong,12.28,0.23,Banting,"35, Jalan Pengacara U1/48, Kawasan Perindustrian Temasya",ong_cheeming@gmail.com,017-2389-6704,0.05,Net 60,10/09/2024
28,13/07/2024,Siti Aisyah,Blue Steel Bottle,48,15,720,Paid,BATCH-0057,07/06/2024,Jonathan Wong,10.62,0.11,Alam Jaya,"Block B, Unit 9-6, Kiara 9 Residency, Jln Kiara 3, Mont Kiara",siti-aisyah@yahoo.com,018-7507-3245,0.07,Net 60,11/09/2024
29,14/07/2024,Phang Xin Yi,Red Glass Bottle,236,12,2832,Paid,BATCH-0013,23/06/2024,Uthaya,18.17,0.23,Rawang,"Block C, Unit 20-1, Marc Residence, Jalan Pinang",phang.xiny@gmail.com,014-5259-4953,0.1,Net 60,12/09/2024
30,14/07/2024,Siti Aisyah,Black Steel Bottle,245,8,1960,Paid,BATCH-0092,02/06/2024,David,9.45,0.05,Alam Jaya,"Block B, Unit 9-6, Kiara 9 Residency, Jln Kiara 3, Mont Kiara",siti-aisyah@yahoo.com,018-7507-3245,0.05,Net 30,13/08/2024
31,15/07/2024,Kasinather a/l Waythamoorthy,Yellow Bottle,204,7,1428,Paid,BATCH-0074,24/06/2024,Jeevandran,18.22,0.12,Alam Jaya,"3, Jalan Bersatu 13, Taman Bersatu",kasin1997@gmail.com,012-8619-8997,0.07,Net 60,13/09/2024
32,16/07/2024,Chin Mei Yan,Black Bottle,2,9,18,Paid,BATCH-0002,25/06/2024,Catherine,14.29,0.2,Puchong,"23, Jalan Jintan, Taman Supreme",chin1974yan@yahoo.com,011-2794-2026,0.1,Net 30,15/08/2024
33,16/07/2024,Haziq Kumar,Red Bottle,192,4,768,Pending,BATCH-0083,15/06/2024,Jie Ning,8.13,0.07,Alam Jaya,"1419, Jalan 17/26, Seksyen 17",haziq2_kum@gmail.com,012-4101-1540,0.05,Net 45,30/08/2024
34,16/07/2024,Haziq Kumar,Blue Bottle,210,5,1050,Pending,BATCH-0058,26/06/2024,Jie Ning,5.15,0.15,Banting,"1419, Jalan 17/26, Seksyen 17",haziq2_kum@gmail.com,012-4101-1540,0.07,Net 60,14/09/2024
35,16/07/2024,Vali Davidson,Red Glass Bottle,5,12,60,Paid,BATCH-0015,05/06/2024,Kumar,16.04,0.11,Rawang,"3A, Jalan Ceylon, Bukit Ceylon",davidsonvali1120@gmail.com,017-3032-8768,0.07,Net 60,14/09/2024
36,17/07/2024,Haziq Kumar,Yellow Bottle,250,7,1750,Pending,BATCH-0041,17/06/2024,Jonathan Wong,5.23,0.22,Puchong,"1419, Jalan 17/26, Seksyen 17",haziq2_kum@gmail.com,012-4101-1540,0.05,Net 60,15/09/2024
37,18/07/2024,Khairul Anuar,Black Bottle,82,9,738,Pending,BATCH-0025,30/06/2024,Kai Wen,6.06,0.17,Rawang,"Block D, Unit 17-2, Setia Sky Residences, Jalan Raja Muda Abdul Aziz",masanu888@gmail.com,012-8670-2265,0.07,Net 30,17/08/2024
38,18/07/2024,Phang Xin Yi,Blue Bottle,161,5,805,Pending,BATCH-0087,05/06/2024,Jie Ning,9.34,0.27,Puchong,"Block C, Unit 20-1, Marc Residence, Jalan Pinang",phang.xiny@gmail.com,014-5259-4953,0.07,Net 45,01/09/2024
39,18/07/2024,Tan Yong Jin,White Colander,273,2,546,Paid,BATCH-0033,07/06/2024,Kumar,9.11,0.1,Banting,"23, Jalan Prima Saujana 1/4j, Prima Saujana",tantan1454@gmail.com,018-7206-1093,0.05,Net 45,01/09/2024
40,19/07/2024,Amirul Hakim bin Mohamad,Red Glass Bottle,92,12,1104,Paid,BATCH-0095,03/06/2024,Catherine,14.24,0.18,Alam Jaya,"Tower B, Unit 25-5, Sunway Geo Residences, Jalan Lagoon Selatan, Bandar Sunway",amirul.hakim@gmail.com,016-7411-8339,0.1,Net 45,02/09/2024
41,19/07/2024,Haziq Kumar,White Colander,202,2,404,Paid,BATCH-0030,11/06/2024,Kumar,5.16,0.21,Puchong,"1419, Jalan 17/26, Seksyen 17",haziq2_kum@gmail.com,012-4101-1540,0.07,Net 60,17/09/2024
42,19/07/2024,Neoh Liau Han,Black Steel Bottle,87,8,696,Pending,BATCH-0075,20/06/2024,Kumar,14.94,0.23,Banting,"4, Lrg Padang 1C, Taman Prima Impian",neohlh_1307@gmail.com,011-7926-3880,0.07,Net 30,18/08/2024
43,19/07/2024,Zara Olivia Tan,Black Bottle,186,9,1674,Paid,BATCH-0030,15/06/2024,Kai Wen,7.58,0.08,Alam Jaya,"1-6, Jalan Ramal 6/2, Taman Ramal Indah",zarrraTan1@gmail.com,010-9963-5395,0.07,Net 30,18/08/2024
44,20/07/2024,Ramesh Rajan,Red Glass Bottle,24,12,288,Pending,BATCH-0094,07/06/2024,Alif,14.17,0.3,Rawang,"36, Lorong Seri Gambut 3, Bandar Putera",ramesh.rajan@gmail.com,010-4325-8198,0.07,Net 45,03/09/2024
45,20/07/2024,Ramesh Rajan,White Steel Bottle,110,11,1210,Pending,BATCH-0057,22/06/2024,Uthaya,5.03,0.26,Rawang,"36, Lorong Seri Gambut 3, Bandar Putera",ramesh.rajan@gmail.com,010-4325-8198,0.1,Net 45,03/09/2024
46,21/07/2024,Amirul Hakim bin Mohamad,Red Bottle,162,4,648,Paid,BATCH-0079,21/06/2024,Catherine,12.96,0.13,Alam Jaya,"Tower B, Unit 25-5, Sunway Geo Residences, Jalan Lagoon Selatan, Bandar Sunway",amirul.hakim@gmail.com,016-7411-8339,0.05,Net 30,20/08/2024
47,21/07/2024,Neoh Liau Han,Black Bottle,245,9,2205,Paid,BATCH-0094,25/06/2024,David,7.92,0.2,Rawang,"4, Lrg Padang 1C, Taman Prima Impian",neohlh_1307@gmail.com,011-7926-3880,0.05,Net 30,20/08/2024
48,21/07/2024,Nurul Ain binti Hassan,Red Glass Bottle,141,12,1692,Pending,BATCH-0031,01/06/2024,Alif,5.97,0.26,Rawang,"Block A, Unit 5-3, Jalan Residen Utama, Desa Parkcity",nurulain457@gmail.com,018-3059-1539,0.05,Net 30,20/08/2024
49,22/07/2024,Amirul Hakim bin Mohamad,Orange Colander,207,3,621,Paid,BATCH-0015,24/06/2024,Uthaya,11.1,0.21,Rawang,"Tower B, Unit 25-5, Sunway Geo Residences, Jalan Lagoon Selatan, Bandar Sunway",amirul.hakim@gmail.com,016-7411-8339,0.1,Net 30,21/08/2024
50,22/07/2024,Anjali a/l Devi,Blue Steel Bottle,284,15,4260,Paid,BATCH-0042,22/06/2024,Kumar,16.35,0.06,Banting,"145, Jalan 3/1, Taman Serdang Jaya",anjaliDevv601@gmail.com,019-9165-2946,0.1,Net 30,21/08/2024
51,22/07/2024,Haziq Kumar,White Colander,182,2,364,Paid,BATCH-0063,22/06/2024,Uthaya,8.05,0.1,Rawang,"1419, Jalan 17/26, Seksyen 17",haziq2_kum@gmail.com,012-4101-1540,0.1,Net 60,20/09/2024
52,22/07/2024,John Davis,Orange Colander,276,3,828,Paid,BATCH-0066,06/06/2024,Uthaya,18.96,0.16,Alam Jaya,"12, Jalan Todak 17/12, Seksyen 17",johndavis99@gmail.com,014-438-6869,0.07,Net 60,20/09/2024
53,22/07/2024,Mala Krishnan,White Colander,72,2,144,Paid,BATCH-0059,02/06/2024,Alif,11.98,0.21,Puchong,"7, Jalan Tun Sambanthan 4, Brickfields",malamasala_01@gmail.com,013-1224-5867,0.1,Net 45,05/09/2024
54,22/07/2024,Mohamad Haji Shafiq bin Wan Ishaq Syazwan,Orange Colander,258,3,774,Pending,BATCH-0009,05/06/2024,Jonathan Wong,11.63,0.04,Banting,"102, Jln Imbi, Bukit Bintang",mhdhajiiishf@hotmail.com,016-6707-4143,0.05,Net 30,21/08/2024
55,22/07/2024,Nur Nurulhaida Danial binti Nazuri,Yellow Bottle,164,7,1148,Pending,BATCH-0048,26/06/2024,Catherine,10.57,0.09,Alam Jaya,"150, Jalan Mega Mendung, Taman United",andrea12nur@gmail.com,015-1543-6195,0.07,Net 30,21/08/2024
56,22/07/2024,Priya a/p Subramaniam,Blue Bottle,33,5,165,Pending,BATCH-0011,24/06/2024,Kai Wen,19.12,0.2,Banting,"18, Lorong PJS 2c/11n, PJ Seksyen 2C - 2D",priya.subramaniam@hotmail.com,015-5502-1820,0.07,Net 60,20/09/2024
57,23/07/2024,Lee Wei Han,Blue Steel Bottle,73,15,1095,Paid,BATCH-0032,14/06/2024,Jie Ning,8.16,0.2,Alam Jaya,"1-041, 1st Floor, Plaza Low Yat, Jln Bukit Bintang",leslielee@gmail.com,011-7512-7289,0.07,Net 30,22/08/2024
58,23/07/2024,Low Boon Heng,Yellow Bottle,123,7,861,Paid,BATCH-0100,28/06/2024,Iskandar,5.81,0.19,Banting,"Block A, Unit 12-3, City Gardens Condominium, Jalan Raja Chulan",low.bh@gmail.com,015-5963-5488,0.05,Net 60,21/09/2024
59,23/07/2024,Ng Li Wei,Orange Colander,150,3,450,Paid,BATCH-0074,18/06/2024,Iskandar,19.75,0.28,Alam Jaya,"36-1, Jalan Puteri 7/10, Bandar Puteri",liwei999@gmail.com,014-6692-8533,0.1,Net 60,21/09/2024
60,24/07/2024,Neoh Liau Han,Yellow Bottle,102,7,714,Pending,BATCH-0001,08/06/2024,Kumar,17.67,0.21,Alam Jaya,"4, Lrg Padang 1C, Taman Prima Impian",neohlh_1307@gmail.com,011-7926-3880,0.1,Net 60,22/09/2024
61,24/07/2024,Suresh Pillai,Black Steel Bottle,281,8,2248,Paid,BATCH-0073,30/06/2024,Uthaya,9.84,0.22,Alam Jaya,"7a, Jalan 51/215, Seksyen 51",sureshpillai02@gmail.com,014-8084-5342,0.07,Net 30,23/08/2024
62,25/07/2024,Clement Tan,Blue Bottle,256,5,1280,Paid,BATCH-0085,16/06/2024,Kai Wen,7.27,0.21,Banting,"37, Jalan 2/3e, Dataran Templer",clement.tan69@gmail.com,019-9447-3463,0.05,Net 30,24/08/2024
63,25/07/2024,John Davis,White Steel Bottle,6,11,66,Pending,BATCH-0039,06/06/2024,David,16.21,0.1,Puchong,"12, Jalan Todak 17/12, Seksyen 17",johndavis99@gmail.com,014-438-6869,0.05,Net 45,08/09/2024
64,25/07/2024,Kasinather a/l Waythamoorthy,Red Glass Bottle,137,12,1644,Paid,BATCH-0082,09/06/2024,David,18.63,0.14,Puchong,"3, Jalan Bersatu 13, Taman Bersatu",kasin1997@gmail.com,012-8619-8997,0.05,Net 45,08/09/2024
65,25/07/2024,Tan Yong Jin,Blue Steel Bottle,257,15,3855,Pending,BATCH-0087,26/06/2024,Catherine,15.15,0.06,Alam Jaya,"23, Jalan Prima Saujana 1/4j, Prima Saujana",tantan1454@gmail.com,018-7206-1093,0.05,Net 45,08/09/2024
66,27/07/2024,Maria anak Kalong,White Colander,247,2,494,Paid,BATCH-0038,21/06/2024,David,19.24,0.17,Banting,"63, Jalan Cempaka 1a, Taman Anugerah Suria",mariamariammama@gmail.com,010-8654-1894,0.05,Net 30,26/08/2024
67,28/07/2024,Mala Krishnan,Black Steel Bottle,95,8,760,Paid,BATCH-0060,27/06/2024,Kumar,5.41,0.03,Rawang,"7, Jalan Tun Sambanthan 4, Brickfields",malamasala_01@gmail.com,013-1224-5867,0.1,Net 45,11/09/2024
68,28/07/2024,Mohamad Haji Shafiq bin Wan Ishaq Syazwan,Blue Bottle,182,5,910,Paid,BATCH-0021,06/06/2024,Kumar,17.54,0.19,Banting,"102, Jln Imbi, Bukit Bintang",mhdhajiiishf@hotmail.com,016-6707-4143,0.07,Net 45,11/09/2024
69,28/07/2024,Wong Lai Yee,Blue Bottle,197,5,985,Pending,BATCH-0060,16/06/2024,Jonathan Wong,11.86,0.04,Banting,"34, Jln Tun Sambanthan 3, Brickfields",laiyee_wong@gmail.com,016-5349-2647,0.05,Net 60,26/09/2024
70,29/07/2024,Priya a/p Subramaniam,Black Bottle,54,9,486,Pending,BATCH-0061,23/06/2024,Alif,13.86,0.08,Banting,"18, Lorong PJS 2c/11n, PJ Seksyen 2C - 2D",priya.subramaniam@hotmail.com,015-5502-1820,0.07,Net 30,28/08/2024
71,29/07/2024,Siew Wen Qi,Red Glass Bottle,188,12,2256,Pending,BATCH-0074,02/06/2024,Kai Wen,11.13,0.05,Alam Jaya,"Subang Square, SG-03-0, Ground Floor, Shopping Gallery, Jln SS 15/4G",wenqi00@yahoo.com,014-8833-4735,0.1,Net 45,12/09/2024
72,29/07/2024,Vali Davidson,White Steel Bottle,33,11,363,Paid,BATCH-0046,28/06/2024,David,16.49,0.07,Alam Jaya,"3A, Jalan Ceylon, Bukit Ceylon",davidsonvali1120@gmail.com,017-3032-8768,0.05,Net 60,27/09/2024
73,30/07/2024,Mohd Rizal bin Bakar,Blue Bottle,167,5,835,Pending,BATCH-0087,16/06/2024,Jonathan Wong,7.07,0.22,Rawang,"Block A, Unit 7-3, Tropicana Grande, Persiaran Tropicana, Tropicana",rizal.bakar@gmail.com,011-7747-1475,0.1,Net 30,29/08/2024
74,30/07/2024,Muhammad Hafiz,Red Glass Bottle,21,12,252,Pending,BATCH-0031,13/06/2024,Catherine,5.84,0.16,Puchong,"Tower B, Unit 22-4, Jalan Kiara 4, Mont Kiara",mu-hafiz@gmail.com,016-9980-5886,0.05,Net 60,28/09/2024
75,30/07/2024,Nur Nurulhaida Danial binti Nazuri,White Steel Bottle,199,11,2189,Pending,BATCH-0077,05/06/2024,Jeevandran,11.85,0.14,Puchong,"150, Jalan Mega Mendung, Taman United",andrea12nur@gmail.com,015-1543-6195,0.1,Net 60,28/09/2024
76,31/07/2024,Haziq Kumar,Yellow Bottle,76,7,532,Pending,BATCH-0004,02/06/2024,Iskandar,13.96,0.22,Puchong,"1419, Jalan 17/26, Seksyen 17",haziq2_kum@gmail.com,012-4101-1540,0.1,Net 60,29/09/2024
77,31/07/2024,Karthik Ramasamy,Red Bottle,83,4,332,Paid,BATCH-0073,01/07/2024,Jonathan Wong,6.04,0.06,Banting,"Lot 8234, Jalan 51a/227, Seksyen 51a",karthik_ram@gmail.com,011-4604-4833,0.1,Net 45,14/09/2024
78,01/08/2024,Mohd Rizal bin Bakar,Black Bottle,173,9,1557,Pending,BATCH-0024,13/06/2024,Jeevandran,8.29,0.29,Puchong,"Block A, Unit 7-3, Tropicana Grande, Persiaran Tropicana, Tropicana",rizal.bakar@gmail.com,011-7747-1475,0.05,Net 60,30/09/2024
79,02/08/2024,Clement Tan,Blue Bottle,260,5,1300,Pending,BATCH-0060,03/06/2024,David,17.23,0.2,Banting,"37, Jalan 2/3e, Dataran Templer",clement.tan69@gmail.com,019-9447-3463,0.07,Net 60,01/10/2024
80,03/08/2024,Aina Maisarah binti Ibrahim,Red Bottle,250,4,1000,Paid,BATCH-0093,14/06/2024,Uthaya,18.61,0.17,Puchong,"Block C, Unit 12-8, Icon Residence, Jalan SS8/39",ainamaisarah@gmail.com,010-6811-2414,0.07,Net 60,02/10/2024
81,03/08/2024,Jefri anak Lang,White Colander,14,2,28,Paid,BATCH-0036,09/06/2024,Kai Wen,9.02,0.16,Banting,"7, Jalan Jernai 8, Medan Idaman",JLfri9090@gmail.com,018-7442-5049,0.05,Net 30,02/09/2024
82,03/08/2024,Khairul Anuar,Orange Colander,181,3,543,Paid,BATCH-0053,07/06/2024,David,17.95,0.18,Banting,"Block D, Unit 17-2, Setia Sky Residences, Jalan Raja Muda Abdul Aziz",masanu888@gmail.com,012-8670-2265,0.1,Net 60,02/10/2024
83,03/08/2024,LimaRasa Bistro & Cafe,Blue Bottle,28,5,140,Pending,BATCH-0056,26/06/2024,Jie Ning,13.67,0.1,Puchong,"40, Jalan PJU 5/20B, The Strand, Kota Damansara",limarasa_bistro@gmail.com,016-2817-7914,0.07,Net 45,17/09/2024
84,04/08/2024,Haziq Kumar,Blue Steel Bottle,253,15,3795,Pending,BATCH-0017,07/06/2024,David,19.97,0.2,Alam Jaya,"1419, Jalan 17/26, Seksyen 17",haziq2_kum@gmail.com,012-4101-1540,0.07,Net 30,03/09/2024
85,04/08/2024,Khairul Anuar,White Colander,17,2,34,Paid,BATCH-0031,08/06/2024,Alif,17.95,0.01,Rawang,"Block D, Unit 17-2, Setia Sky Residences, Jalan Raja Muda Abdul Aziz",masanu888@gmail.com,012-8670-2265,0.05,Net 30,03/09/2024
86,04/08/2024,Lim Siew Ling,Red Bottle,185,4,740,Paid,BATCH-0047,27/06/2024,Uthaya,10.19,0.23,Rawang,"14, Jalan Puteri 5/2, Bandar Puteri",siewling_lim@gmail.com,016-9231-1011,0.07,Net 45,18/09/2024
87,04/08/2024,Ong Chee Ming,White Steel Bottle,30,11,330,Paid,BATCH-0059,13/06/2024,Jonathan Wong,13.87,0.0,Puchong,"35, Jalan Pengacara U1/48, Kawasan Perindustrian Temasya",ong_cheeming@gmail.com,017-2389-6704,0.1,Net 60,03/10/2024
88,04/08/2024,Ramesh Rajan,White Steel Bottle,266,11,2926,Pending,BATCH-0072,07/06/2024,Kai Wen,5.72,0.0,Banting,"36, Lorong Seri Gambut 3, Bandar Putera",ramesh.rajan@gmail.com,010-4325-8198,0.1,Net 30,03/09/2024
89,05/08/2024,Hafiz Wong,Yellow Bottle,251,7,1757,Paid,BATCH-0098,16/06/2024,Jonathan Wong,9.57,0.09,Puchong,"1, Jalan Pemberita U1/49, Kawasan Perindustrian Temasya",hasattr.hafiz@gmail.com,019-5762-5620,0.05,Net 45,19/09/2024
90,05/08/2024,Haziq Kumar,White Steel Bottle,147,11,1617,Pending,BATCH-0001,29/06/2024,Iskandar,10.43,0.23,Alam Jaya,"1419, Jalan 17/26, Seksyen 17",haziq2_kum@gmail.com,012-4101-1540,0.05,Net 45,19/09/2024
91,05/08/2024,Sara Tanisha Ling,Red Bottle,242,4,968,Paid,BATCH-0060,18/06/2024,Alif,18.07,0.16,Rawang,"39, Jalan Kilang 51/B, Pjs 51",saraTanish11@gmail.com,019-2869-5043,0.1,Net 60,04/10/2024
92,06/08/2024,John Davis,White Colander,267,2,534,Paid,BATCH-0002,03/06/2024,Catherine,16.74,0.06,Alam Jaya,"12, Jalan Todak 17/12, Seksyen 17",johndavis99@gmail.com,014-438-6869,0.1,Net 30,05/09/2024
93,06/08/2024,Mohd Rizal bin Bakar,Yellow Bottle,62,7,434,Pending,BATCH-0075,08/06/2024,David,7.77,0.13,Puchong,"Block A, Unit 7-3, Tropicana Grande, Persiaran Tropicana, Tropicana",rizal.bakar@gmail.com,011-7747-1475,0.07,Net 45,20/09/2024
94,06/08/2024,Nur Amirah,Red Bottle,259,4,1036,Paid,BATCH-0092,01/07/2024,Jie Ning,11.64,0.13,Banting,"12, Jalan Desa Dahlia 1, Taman Desa Dahlia",amirah0102@hotmail.com,014-2677-2280,0.1,Net 30,05/09/2024
95,06/08/2024,Sara Tanisha Ling,Yellow Bottle,29,7,203,Pending,BATCH-0004,04/06/2024,Jie Ning,14.78,0.18,Alam Jaya,"39, Jalan Kilang 51/B, Pjs 51",saraTanish11@gmail.com,019-2869-5043,0.05,Net 45,20/09/2024
96,06/08/2024,Wong Lai Yee,Black Steel Bottle,60,8,480,Paid,BATCH-0077,17/06/2024,Uthaya,7.68,0.12,Alam Jaya,"34, Jln Tun Sambanthan 3, Brickfields",laiyee_wong@gmail.com,016-5349-2647,0.1,Net 45,20/09/2024
97,07/08/2024,LimaRasa Bistro & Cafe,Black Bottle,37,9,333,Pending,BATCH-0091,12/06/2024,Jie Ning,5.63,0.09,Puchong,"40, Jalan PJU 5/20B, The Strand, Kota Damansara",limarasa_bistro@gmail.com,016-2817-7914,0.1,Net 60,06/10/2024
98,08/08/2024,Kasinather a/l Waythamoorthy,Red Bottle,71,4,284,Paid,BATCH-0023,21/06/2024,Kai Wen,12.63,0.28,Banting,"3, Jalan Bersatu 13, Taman Bersatu",kasin1997@gmail.com,012-8619-8997,0.05,Net 30,07/09/2024
99,08/08/2024,Wong Lai Yee,Orange Colander,86,3,258,Pending,BATCH-0014,28/06/2024,Jie Ning,18.43,0.3,Puchong,"34, Jln Tun Sambanthan 3, Brickfields",laiyee_wong@gmail.com,016-5349-2647,0.07,Net 30,07/09/2024
100,09/08/2024,Sara Tanisha Ling,White Steel Bottle,290,11,3190,Pending,BATCH-0021,06/06/2024,Iskandar,14.58,0.14,Alam Jaya,"39, Jalan Kilang 51/B, Pjs 51",saraTanish11@gmail.com,019-2869-5043,0.1,Net 30,08/09/2024
101,09/08/2024,Siti Aisyah,White Colander,185,2,370,Pending,BATCH-0004,19/06/2024,Kai Wen,17.87,0.18,Banting,"Block B, Unit 9-6, Kiara 9 Residency, Jln Kiara 3, Mont Kiara",siti-aisyah@yahoo.com,018-7507-3245,0.07,Net 30,08/09/2024
102,09/08/2024,SynergyMed,Red Bottle,216,4,864,Pending,BATCH-0056,17/06/2024,Uthaya,12.18,0.04,Puchong,"4, Jalan Serindit 2, Bandar Puchong Jaya",synergy_med@gmail.com,019-7088-8276,0.1,Net 60,08/10/2024
103,10/08/2024,Mohamad Haji Shafiq bin Wan Ishaq Syazwan,Red Glass Bottle,19,12,228,Pending,BATCH-0023,25/06/2024,Alif,12.53,0.08,Banting,"102, Jln Imbi, Bukit Bintang",mhdhajiiishf@hotmail.com,016-6707-4143,0.1,Net 60,09/10/2024
104,10/08/2024,Ng Li Wei,White Steel Bottle,283,11,3113,Paid,BATCH-0015,21/06/2024,David,18.46,0.22,Rawang,"36-1, Jalan Puteri 7/10, Bandar Puteri",liwei999@gmail.com,014-6692-8533,0.07,Net 45,24/09/2024
105,10/08/2024,Ong Chee Ming,Black Bottle,173,9,1557,Pending,BATCH-0092,21/06/2024,Kai Wen,18.99,0.24,Banting,"35, Jalan Pengacara U1/48, Kawasan Perindustrian Temasya",ong_cheeming@gmail.com,017-2389-6704,0.05,Net 60,09/10/2024
106,10/08/2024,Vijay Kumar,Blue Bottle,40,5,200,Paid,BATCH-0036,18/06/2024,David,8.35,0.29,Alam Jaya,"Block A, Unit 21-15, The Troika, Persiaran KLCC",vijay007@gmail.com,014-1556-5959,0.07,Net 30,09/09/2024
107,11/08/2024,Arun Siva,White Colander,76,2,152,Pending,BATCH-0093,17/06/2024,Iskandar,10.17,0.24,Rawang,"Tainia Apartment Block-F1, Jalan Kenyalang 11/3, Kota Damansara",sivaArun345@yahoo.com,018-7768-1534,0.05,Net 60,10/10/2024
108,11/08/2024,Mala Krishnan,Red Glass Bottle,197,12,2364,Pending,BATCH-0027,22/06/2024,Kumar,13.97,0.02,Alam Jaya,"7, Jalan Tun Sambanthan 4, Brickfields",malamasala_01@gmail.com,013-1224-5867,0.1,Net 60,10/10/2024
109,11/08/2024,Phang Xin Yi,White Colander,12,2,24,Paid,BATCH-0085,15/06/2024,Iskandar,6.16,0.11,Alam Jaya,"Block C, Unit 20-1, Marc Residence, Jalan Pinang",phang.xiny@gmail.com,014-5259-4953,0.07,Net 60,10/10/2024
110,11/08/2024,Vali Davidson,Black Bottle,72,9,648,Paid,BATCH-0050,21/06/2024,Iskandar,19.89,0.2,Puchong,"3A, Jalan Ceylon, Bukit Ceylon",davidsonvali1120@gmail.com,017-3032-8768,0.05,Net 45,25/09/2024
111,12/08/2024,Tan Yong Jin,White Colander,181,2,362,Pending,BATCH-0001,05/06/2024,Catherine,14.43,0.19,Banting,"23, Jalan Prima Saujana 1/4j, Prima Saujana",tantan1454@gmail.com,018-7206-1093,0.05,Net 60,11/10/2024
112,13/08/2024,Anjali a/l Devi,Red Glass Bottle,172,12,2064,Pending,BATCH-0036,27/06/2024,Uthaya,10.47,0.14,Alam Jaya,"145, Jalan 3/1, Taman Serdang Jaya",anjaliDevv601@gmail.com,019-9165-2946,0.05,Net 30,12/09/2024
113,14/08/2024,Arun Siva,Orange Colander,249,3,747,Paid,BATCH-0071,19/06/2024,Kumar,14.97,0.06,Puchong,"Tainia Apartment Block-F1, Jalan Kenyalang 11/3, Kota Damansara",sivaArun345@yahoo.com,018-7768-1534,0.07,Net 45,28/09/2024
114,14/08/2024,Chia Wei Lian,Yellow Bottle,5,7,35,Pending,BATCH-0100,22/06/2024,Alif,16.12,0.13,Banting,"8, Lorong Kiri 11, Kampung Datuk Keramat",lianlianchia@gmail.com,018-5195-6012,0.05,Net 60,13/10/2024
115,14/08/2024,Jefri anak Lang,Blue Bottle,77,5,385,Paid,BATCH-0032,11/06/2024,Uthaya,15.99,0.25,Banting,"7, Jalan Jernai 8, Medan Idaman",JLfri9090@gmail.com,018-7442-5049,0.07,Net 45,28/09/2024
116,14/08/2024,Nur Amirah,Red Glass Bottle,26,12,312,Pending,BATCH-0040,03/06/2024,David,18.44,0.26,Rawang,"12, Jalan Desa Dahlia 1, Taman Desa Dahlia",amirah0102@hotmail.com,014-2677-2280,0.1,Net 30,13/09/2024
117,14/08/2024,Tan Yong Jin,Black Steel Bottle,138,8,1104,Pending,BATCH-0017,08/06/2024,Jonathan Wong,12.83,0.28,Puchong,"23, Jalan Prima Saujana 1/4j, Prima Saujana",tantan1454@gmail.com,018-7206-1093,0.1,Net 45,28/09/2024
118,15/08/2024,Ng Li Wei,Red Bottle,295,4,1180,Pending,BATCH-0011,25/06/2024,Alif,17.77,0.25,Banting,"36-1, Jalan Puteri 7/10, Bandar Puteri",liwei999@gmail.com,014-6692-8533,0.07,Net 30,14/09/2024
119,15/08/2024,Rosalyn anak Maja,Blue Bottle,141,5,705,Paid,BATCH-0088,20/06/2024,Jie Ning,8.94,0.05,Banting,"13, Jalan Ros 2a/3, Taman Ros",rosalyn_a_maja@gmail.com,019-8515-3863,0.05,Net 45,29/09/2024
120,15/08/2024,Siew Wen Qi,Blue Steel Bottle,189,15,2835,Paid,BATCH-0075,05/06/2024,Kumar,7.27,0.2,Alam Jaya,"Subang Square, SG-03-0, Ground Floor, Shopping Gallery, Jln SS 15/4G",wenqi00@yahoo.com,014-8833-4735,0.1,Net 45,29/09/2024
121,16/08/2024,Lim Mei Ling,Red Bottle,191,4,764,Pending,BATCH-0055,24/06/2024,Jeevandran,17.16,0.29,Rawang,"20, Jalan Pulau Pinang 8, Taman Bukit Intan",maylim88@gmail.com,016-8176-7587,0.05,Net 45,30/09/2024
122,16/08/2024,Nur Nurulhaida Danial binti Nazuri,Orange Colander,292,3,876,Pending,BATCH-0044,04/06/2024,Iskandar,5.97,0.06,Alam Jaya,"150, Jalan Mega Mendung, Taman United",andrea12nur@gmail.com,015-1543-6195,0.05,Net 45,30/09/2024
123,16/08/2024,Priya a/p Subramaniam,Red Bottle,26,4,104,Pending,BATCH-0081,14/06/2024,Jonathan Wong,14.05,0.16,Banting,"18, Lorong PJS 2c/11n, PJ Seksyen 2C - 2D",priya.subramaniam@hotmail.com,015-5502-1820,0.05,Net 45,30/09/2024
124,16/08/2024,SynergyMed,Yellow Bottle,53,7,371,Paid,BATCH-0051,25/06/2024,Jie Ning,17.36,0.25,Rawang,"4, Jalan Serindit 2, Bandar Puchong Jaya",synergy_med@gmail.com,019-7088-8276,0.07,Net 60,15/10/2024
125,17/08/2024,Amirul Hakim bin Mohamad,White Steel Bottle,26,11,286,Paid,BATCH-0093,23/06/2024,Kumar,9.49,0.29,Banting,"Tower B, Unit 25-5, Sunway Geo Residences, Jalan Lagoon Selatan, Bandar Sunway",amirul.hakim@gmail.com,016-7411-8339,0.1,Net 60,16/10/2024
126,17/08/2024,Nisha Lee Farida,Red Glass Bottle,16,12,192,Paid,BATCH-0005,07/06/2024,Uthaya,14.57,0.28,Rawang,"25, Jalan Puteri 5/16, Bandar Puteri",nishh_22@gmail.com,012-3678-6748,0.07,Net 45,01/10/2024
127,18/08/2024,Clement Tan,Blue Bottle,192,5,960,Pending,BATCH-0069,20/06/2024,Jonathan Wong,7.23,0.05,Alam Jaya,"37, Jalan 2/3e, Dataran Templer",clement.tan69@gmail.com,019-9447-3463,0.1,Net 60,17/10/2024
128,18/08/2024,LimaRasa Bistro & Cafe,Red Glass Bottle,4,12,48,Pending,BATCH-0016,21/06/2024,David,12.81,0.12,Puchong,"40, Jalan PJU 5/20B, The Strand, Kota Damansara",limarasa_bistro@gmail.com,016-2817-7914,0.1,Net 45,02/10/2024
129,18/08/2024,Vali Davidson,Black Steel Bottle,231,8,1848,Paid,BATCH-0038,28/06/2024,Catherine,18.28,0.07,Alam Jaya,"3A, Jalan Ceylon, Bukit Ceylon",davidsonvali1120@gmail.com,017-3032-8768,0.05,Net 45,02/10/2024
130,19/08/2024,Mohamad Haji Shafiq bin Wan Ishaq Syazwan,Yellow Bottle,163,7,1141,Pending,BATCH-0013,08/06/2024,Jie Ning,7.54,0.11,Puchong,"102, Jln Imbi, Bukit Bintang",mhdhajiiishf@hotmail.com,016-6707-4143,0.07,Net 45,03/10/2024
131,19/08/2024,Priya a/p Subramaniam,Red Bottle,87,4,348,Paid,BATCH-0046,16/06/2024,Kumar,10.93,0.16,Rawang,"18, Lorong PJS 2c/11n, PJ Seksyen 2C - 2D",priya.subramaniam@hotmail.com,015-5502-1820,0.07,Net 30,18/09/2024
132,20/08/2024,Jefri anak Lang,Black Bottle,196,9,1764,Paid,BATCH-0064,09/06/2024,Alif,14.92,0.05,Rawang,"7, Jalan Jernai 8, Medan Idaman",JLfri9090@gmail.com,018-7442-5049,0.05,Net 30,19/09/2024
133,21/08/2024,Nurul Ain binti Hassan,Orange Colander,136,3,408,Paid,BATCH-0041,07/06/2024,Kumar,16.94,0.22,Banting,"Block A, Unit 5-3, Jalan Residen Utama, Desa Parkcity",nurulain457@gmail.com,018-3059-1539,0.1,Net 60,20/10/2024
134,22/08/2024,Mohd Rizal bin Bakar,White Colander,146,2,292,Paid,BATCH-0030,04/06/2024,Catherine,7.02,0.19,Alam Jaya,"Block A, Unit 7-3, Tropicana Grande, Persiaran Tropicana, Tropicana",rizal.bakar@gmail.com,011-7747-1475,0.1,Net 60,21/10/2024
135,23/08/2024,SynergyMed,White Colander,74,2,148,Pending,BATCH-0013,12/06/2024,Kumar,14.4,0.23,Alam Jaya,"4, Jalan Serindit 2, Bandar Puchong Jaya",synergy_med@gmail.com,019-7088-8276,0.07,Net 30,22/09/2024
136,24/08/2024,Chia Wei Lian,White Steel Bottle,144,11,1584,Paid,BATCH-0051,30/06/2024,Alif,6.52,0.1,Puchong,"8, Lorong Kiri 11, Kampung Datuk Keramat",lianlianchia@gmail.com,018-5195-6012,0.05,Net 45,08/10/2024
137,24/08/2024,Jefri anak Lang,Black Steel Bottle,272,8,2176,Pending,BATCH-0011,21/06/2024,Jonathan Wong,5.02,0.11,Banting,"7, Jalan Jernai 8, Medan Idaman",JLfri9090@gmail.com,018-7442-5049,0.05,Net 60,23/10/2024
138,25/08/2024,Ahmad Firdaus bin Abdullah,Red Bottle,111,4,444,Paid,BATCH-0052,01/06/2024,Uthaya,5.77,0.21,Puchong,"Block C, Unit 15-5, The Troika, Persiaran KLCC",ahmad.firdaus@hotmail.com,015-3930-3260,0.07,Net 30,24/09/2024
139,25/08/2024,Maria anak Kalong,Blue Steel Bottle,162,15,2430,Pending,BATCH-0024,20/06/2024,Kai Wen,9.4,0.19,Alam Jaya,"63, Jalan Cempaka 1a, Taman Anugerah Suria",mariamariammama@gmail.com,010-8654-1894,0.05,Net 60,24/10/2024
140,26/08/2024,Aina Maisarah binti Ibrahim,White Colander,97,2,194,Paid,BATCH-0024,22/06/2024,David,15.37,0.09,Rawang,"Block C, Unit 12-8, Icon Residence, Jalan SS8/39",ainamaisarah@gmail.com,010-6811-2414,0.07,Net 60,25/10/2024
141,26/08/2024,Farah Nadia binti Khalid,Blue Steel Bottle,110,15,1650,Paid,BATCH-0060,12/06/2024,Jeevandran,12.22,0.02,Rawang,"117, Jln Imbi, Bukit Bintang",farahlovedaisy@gmail.com,010-1644-1914,0.05,Net 30,25/09/2024
142,27/08/2024,Clement Tan,Blue Steel Bottle,277,15,4155,Pending,BATCH-0100,29/06/2024,Kumar,9.55,0.22,Alam Jaya,"37, Jalan 2/3e, Dataran Templer",clement.tan69@gmail.com,019-9447-3463,0.07,Net 60,26/10/2024
143,27/08/2024,EcoMart Ventures Sdn Bhd,Yellow Bottle,99,7,693,Pending,BATCH-0079,08/06/2024,Jeevandran,11.51,0.03,Alam Jaya,"41, Persiaran Tasek, Kawasan Perindustrian Tasek",ecomart.ventures@gmail.com,017-6300-3823,0.07,Net 30,26/09/2024
144,27/08/2024,SynergyMed,Red Glass Bottle,35,12,420,Pending,BATCH-0095,05/06/2024,Catherine,16.3,0.23,Rawang,"4, Jalan Serindit 2, Bandar Puchong Jaya",synergy_med@gmail.com,019-7088-8276,0.05,Net 60,26/10/2024
145,28/08/2024,Haziq Kumar,White Colander,30,2,60,Pending,BATCH-0047,28/06/2024,Jonathan Wong,12.62,0.29,Banting,"1419, Jalan 17/26, Seksyen 17",haziq2_kum@gmail.com,012-4101-1540,0.07,Net 45,12/10/2024
146,28/08/2024,Low Boon Heng,Blue Bottle,255,5,1275,Paid,BATCH-0001,17/06/2024,David,5.02,0.12,Rawang,"Block A, Unit 12-3, City Gardens Condominium, Jalan Raja Chulan",low.bh@gmail.com,015-5963-5488,0.1,Net 45,12/10/2024
147,28/08/2024,Mala Krishnan,White Steel Bottle,101,11,1111,Paid,BATCH-0072,05/06/2024,David,12.14,0.3,Alam Jaya,"7, Jalan Tun Sambanthan 4, Brickfields",malamasala_01@gmail.com,013-1224-5867,0.07,Net 30,27/09/2024
148,28/08/2024,Nisha Lee Farida,Black Bottle,102,9,918,Paid,BATCH-0050,24/06/2024,Kumar,7.7,0.12,Alam Jaya,"25, Jalan Puteri 5/16, Bandar Puteri",nishh_22@gmail.com,012-3678-6748,0.05,Net 45,12/10/2024
149,29/08/2024,SynergyMed,Blue Steel Bottle,150,15,2250,Paid,BATCH-0061,19/06/2024,Iskandar,8.36,0.21,Banting,"4, Jalan Serindit 2, Bandar Puchong Jaya",synergy_med@gmail.com,019-7088-8276,0.07,Net 30,28/09/2024
150,30/08/2024,Jefri anak Lang,White Steel Bottle,209,11,2299,Pending,BATCH-0002,23/06/2024,Alif,16.52,0.12,Rawang,"7, Jalan Jernai 8, Medan Idaman",JLfri9090@gmail.com,018-7442-5049,0.07,Net 60,29/10/2024
151,30/08/2024,Nur Amirah,Red Glass Bottle,233,12,2796,Paid,BATCH-0092,26/06/2024,David,11.4,0.04,Banting,"12, Jalan Desa Dahlia 1, Taman Desa Dahlia",amirah0102@hotmail.com,014-2677-2280,0.07,Net 45,14/10/2024
152,30/08/2024,Phang Xin Yi,Black Steel Bottle,207,8,1656,Pending,BATCH-0028,07/06/2024,Alif,8.76,0.17,Banting,"Block C, Unit 20-1, Marc Residence, Jalan Pinang",phang.xiny@gmail.com,014-5259-4953,0.07,Net 30,29/09/2024
153,30/08/2024,Tan Yong Jin,Red Bottle,92,4,368,Pending,BATCH-0047,29/06/2024,Jie Ning,17.23,0.15,Alam Jaya,"23, Jalan Prima Saujana 1/4j, Prima Saujana",tantan1454@gmail.com,018-7206-1093,0.1,Net 45,14/10/2024
154,30/08/2024,Zara Olivia Tan,Black Bottle,172,9,1548,Paid,BATCH-0063,14/06/2024,Jie Ning,18.46,0.17,Rawang,"1-6, Jalan Ramal 6/2, Taman Ramal Indah",zarrraTan1@gmail.com,010-9963-5395,0.05,Net 45,14/10/2024
155,31/08/2024,Anjali a/l Devi,Black Steel Bottle,289,8,2312,Pending,BATCH-0034,16/06/2024,Iskandar,16.5,0.29,Puchong,"145, Jalan 3/1, Taman Serdang Jaya",anjaliDevv601@gmail.com,019-9165-2946,0.05,Net 45,15/10/2024
156,01/09/2024,Ramesh Rajan,Orange Colander,140,3,420,Paid,BATCH-0098,15/06/2024,Iskandar,8.29,0.02,Rawang,"36, Lorong Seri Gambut 3, Bandar Putera",ramesh.rajan@gmail.com,010-4325-8198,0.1,Net 45,16/10/2024
157,01/09/2024,Vijay Kumar,Red Glass Bottle,200,12,2400,Pending,BATCH-0087,12/06/2024,Jonathan Wong,12.79,0.2,Banting,"Block A, Unit 21-15, The Troika, Persiaran KLCC",vijay007@gmail.com,014-1556-5959,0.07,Net 60,31/10/2024
158,02/09/2024,Muhammad Hafiz,Blue Bottle,271,5,1355,Pending,BATCH-0021,19/06/2024,Jeevandran,17.98,0.24,Banting,"Tower B, Unit 22-4, Jalan Kiara 4, Mont Kiara",mu-hafiz@gmail.com,016-9980-5886,0.1,Net 60,01/11/2024
159,03/09/2024,Lee Wei Han,Blue Steel Bottle,195,15,2925,Pending,BATCH-0050,24/06/2024,Catherine,13.47,0.06,Banting,"1-041, 1st Floor, Plaza Low Yat, Jln Bukit Bintang",leslielee@gmail.com,011-7512-7289,0.05,Net 30,03/10/2024
160,03/09/2024,Neoh Liau Han,White Steel Bottle,220,11,2420,Pending,BATCH-0059,09/06/2024,Kumar,12.6,0.3,Puchong,"4, Lrg Padang 1C, Taman Prima Impian",neohlh_1307@gmail.com,011-7926-3880,0.07,Net 30,03/10/2024
161,04/09/2024,Amirul Hakim bin Mohamad,Black Steel Bottle,297,8,2376,Pending,BATCH-0043,06/06/2024,Jonathan Wong,14.97,0.28,Alam Jaya,"Tower B, Unit 25-5, Sunway Geo Residences, Jalan Lagoon Selatan, Bandar Sunway",amirul.hakim@gmail.com,016-7411-8339,0.05,Net 60,03/11/2024
162,04/09/2024,Khairul Anuar,Black Steel Bottle,175,8,1400,Pending,BATCH-0067,23/06/2024,Jonathan Wong,10.14,0.09,Rawang,"Block D, Unit 17-2, Setia Sky Residences, Jalan Raja Muda Abdul Aziz",masanu888@gmail.com,012-8670-2265,0.05,Net 30,04/10/2024
163,04/09/2024,Maria anak Kalong,Blue Steel Bottle,79,15,1185,Pending,BATCH-0087,26/06/2024,Catherine,17.82,0.15,Alam Jaya,"63, Jalan Cempaka 1a, Taman Anugerah Suria",mariamariammama@gmail.com,010-8654-1894,0.07,Net 60,03/11/2024
164,04/09/2024,Neoh Liau Han,Black Steel Bottle,41,8,328,Paid,BATCH-0029,08/06/2024,Uthaya,7.18,0.14,Rawang,"4, Lrg Padang 1C, Taman Prima Impian",neohlh_1307@gmail.com,011-7926-3880,0.07,Net 45,19/10/2024
165,05/09/2024,Clement Tan,Blue Steel Bottle,209,15,3135,Paid,BATCH-0061,25/06/2024,Jeevandran,11.61,0.05,Rawang,"37, Jalan 2/3e, Dataran Templer",clement.tan69@gmail.com,019-9447-3463,0.05,Net 45,20/10/2024
166,05/09/2024,Hafiz Wong,Black Steel Bottle,140,8,1120,Pending,BATCH-0072,19/06/2024,Iskandar,17.05,0.11,Banting,"1, Jalan Pemberita U1/49, Kawasan Perindustrian Temasya",hasattr.hafiz@gmail.com,019-5762-5620,0.05,Net 45,20/10/2024
167,05/09/2024,Ong Chee Ming,Yellow Bottle,211,7,1477,Paid,BATCH-0095,03/06/2024,Iskandar,8.76,0.13,Rawang,"35, Jalan Pengacara U1/48, Kawasan Perindustrian Temasya",ong_cheeming@gmail.com,017-2389-6704,0.07,Net 45,20/10/2024
168,06/09/2024,Karthik Ramasamy,Blue Bottle,166,5,830,Paid,BATCH-0046,11/06/2024,Jonathan Wong,11.0,0.07,Rawang,"Lot 8234, Jalan 51a/227, Seksyen 51a",karthik_ram@gmail.com,011-4604-4833,0.05,Net 45,21/10/2024
169,06/09/2024,Priya a/p Subramaniam,White Steel Bottle,292,11,3212,Paid,BATCH-0056,18/06/2024,Catherine,6.31,0.2,Alam Jaya,"18, Lorong PJS 2c/11n, PJ Seksyen 2C - 2D",priya.subramaniam@hotmail.com,015-5502-1820,0.07,Net 60,05/11/2024
170,07/09/2024,EcoMart Ventures Sdn Bhd,Red Bottle,73,4,292,Pending,BATCH-0065,02/06/2024,Alif,9.7,0.22,Alam Jaya,"41, Persiaran Tasek, Kawasan Perindustrian Tasek",ecomart.ventures@gmail.com,017-6300-3823,0.1,Net 45,22/10/2024
171,07/09/2024,Ramesh Rajan,Black Steel Bottle,72,8,576,Paid,BATCH-0082,02/06/2024,Kumar,19.82,0.01,Puchong,"36, Lorong Seri Gambut 3, Bandar Putera",ramesh.rajan@gmail.com,010-4325-8198,0.05,Net 30,07/10/2024
172,08/09/2024,Lee Wei Han,Black Bottle,295,9,2655,Pending,BATCH-0058,06/06/2024,Uthaya,18.37,0.29,Alam Jaya,"1-041, 1st Floor, Plaza Low Yat, Jln Bukit Bintang",leslielee@gmail.com,011-7512-7289,0.05,Net 45,23/10/2024
173,09/09/2024,Ng Li Wei,Blue Steel Bottle,182,15,2730,Paid,BATCH-0033,14/06/2024,Iskandar,7.52,0.06,Rawang,"36-1, Jalan Puteri 7/10, Bandar Puteri",liwei999@gmail.com,014-6692-8533,0.07,Net 45,24/10/2024
174,09/09/2024,Wawasan AgroTech Sdn Bhd,White Colander,247,2,494,Pending,BATCH-0035,12/06/2024,Catherine,7.65,0.3,Rawang,"Unit 1009, Level 10, Tropicana Gardens Office Tower, No. 2A, Persiaran Surian, Tropicana Indah",wawasan_agro6@gmail.com,015-1236-4905,0.05,Net 60,08/11/2024
175,10/09/2024,Mala Krishnan,Yellow Bottle,266,7,1862,Paid,BATCH-0083,03/06/2024,Jie Ning,13.08,0.11,Puchong,"7, Jalan Tun Sambanthan 4, Brickfields",malamasala_01@gmail.com,013-1224-5867,0.07,Net 60,09/11/2024
176,10/09/2024,Maria anak Kalong,Orange Colander,119,3,357,Pending,BATCH-0094,18/06/2024,Uthaya,13.51,0.15,Rawang,"63, Jalan Cempaka 1a, Taman Anugerah Suria",mariamariammama@gmail.com,010-8654-1894,0.07,Net 30,10/10/2024
177,11/09/2024,Aina Maisarah binti Ibrahim,Red Glass Bottle,283,12,3396,Pending,BATCH-0040,07/06/2024,Catherine,16.68,0.09,Banting,"Block C, Unit 12-8, Icon Residence, Jalan SS8/39",ainamaisarah@gmail.com,010-6811-2414,0.05,Net 30,11/10/2024
178,11/09/2024,Haziq Kumar,White Colander,269,2,538,Paid,BATCH-0020,24/06/2024,Kumar,13.25,0.17,Alam Jaya,"1419, Jalan 17/26, Seksyen 17",haziq2_kum@gmail.com,012-4101-1540,0.1,Net 45,26/10/2024
179,11/09/2024,LimaRasa Bistro & Cafe,Black Steel Bottle,48,8,384,Paid,BATCH-0008,30/06/2024,Uthaya,7.87,0.27,Puchong,"40, Jalan PJU 5/20B, The Strand, Kota Damansara",limarasa_bistro@gmail.com,016-2817-7914,0.07,Net 45,26/10/2024
180,11/09/2024,Low Boon Heng,Red Bottle,255,4,1020,Pending,BATCH-0008,10/06/2024,Kai Wen,16.43,0.21,Puchong,"Block A, Unit 12-3, City Gardens Condominium, Jalan Raja Chulan",low.bh@gmail.com,015-5963-5488,0.05,Net 30,11/10/2024
181,11/09/2024,Ramesh Rajan,Red Glass Bottle,231,12,2772,Pending,BATCH-0098,02/06/2024,Jie Ning,10.57,0.19,Rawang,"36, Lorong Seri Gambut 3, Bandar Putera",ramesh.rajan@gmail.com,010-4325-8198,0.05,Net 45,26/10/2024
182,12/09/2024,Khairul Anuar,Blue Bottle,191,5,955,Pending,BATCH-0009,20/06/2024,Iskandar,9.91,0.13,Rawang,"Block D, Unit 17-2, Setia Sky Residences, Jalan Raja Muda Abdul Aziz",masanu888@gmail.com,012-8670-2265,0.07,Net 45,27/10/2024
183,12/09/2024,Low Boon Heng,Yellow Bottle,26,7,182,Paid,BATCH-0049,05/06/2024,Kumar,5.86,0.13,Rawang,"Block A, Unit 12-3, City Gardens Condominium, Jalan Raja Chulan",low.bh@gmail.com,015-5963-5488,0.1,Net 60,11/11/2024
184,12/09/2024,Sara Tanisha Ling,Blue Steel Bottle,71,15,1065,Paid,BATCH-0018,20/06/2024,Uthaya,18.82,0.07,Puchong,"39, Jalan Kilang 51/B, Pjs 51",saraTanish11@gmail.com,019-2869-5043,0.07,Net 60,11/11/2024
185,12/09/2024,Suresh Pillai,Yellow Bottle,163,7,1141,Pending,BATCH-0040,15/06/2024,Jeevandran,11.04,0.14,Rawang,"7a, Jalan 51/215, Seksyen 51",sureshpillai02@gmail.com,014-8084-5342,0.05,Net 45,27/10/2024
186,13/09/2024,Kavitha Nair,White Colander,9,2,18,Pending,BATCH-0088,16/06/2024,Uthaya,15.87,0.11,Banting,"5, Jalan Damai 25/60, Taman Sri Muda",kavitha.nair@gmail.com,019-838-3712,0.07,Net 60,12/11/2024
187,13/09/2024,Nur Amirah,Blue Bottle,271,5,1355,Pending,BATCH-0082,05/06/2024,Jie Ning,7.14,0.22,Banting,"12, Jalan Desa Dahlia 1, Taman Desa Dahlia",amirah0102@hotmail.com,014-2677-2280,0.1,Net 60,12/11/2024
188,13/09/2024,Vali Davidson,White Steel Bottle,59,11,649,Paid,BATCH-0069,18/06/2024,Jonathan Wong,8.63,0.02,Puchong,"3A, Jalan Ceylon, Bukit Ceylon",davidsonvali1120@gmail.com,017-3032-8768,0.05,Net 60,12/11/2024
189,14/09/2024,Mohd Rizal bin Bakar,Yellow Bottle,27,7,189,Paid,BATCH-0094,12/06/2024,Catherine,8.08,0.26,Puchong,"Block A, Unit 7-3, Tropicana Grande, Persiaran Tropicana, Tropicana",rizal.bakar@gmail.com,011-7747-1475,0.1,Net 30,14/10/2024
190,14/09/2024,Tan Chee Keong,Black Bottle,104,9,936,Paid,BATCH-0017,26/06/2024,Kai Wen,17.63,0.15,Alam Jaya,"43, Jln SS 15/4E",cheekeongtan3@gmail.com,015-5968-9251,0.05,Net 30,14/10/2024
191,15/09/2024,Amirul Hakim bin Mohamad,Yellow Bottle,158,7,1106,Paid,BATCH-0012,11/06/2024,Jonathan Wong,9.73,0.09,Rawang,"Tower B, Unit 25-5, Sunway Geo Residences, Jalan Lagoon Selatan, Bandar Sunway",amirul.hakim@gmail.com,016-7411-8339,0.05,Net 30,15/10/2024
192,15/09/2024,Karthik Ramasamy,Blue Steel Bottle,80,15,1200,Pending,BATCH-0049,19/06/2024,Kumar,14.69,0.27,Rawang,"Lot 8234, Jalan 51a/227, Seksyen 51a",karthik_ram@gmail.com,011-4604-4833,0.1,Net 60,14/11/2024
193,15/09/2024,Vali Davidson,Black Bottle,266,9,2394,Pending,BATCH-0095,09/06/2024,Jeevandran,11.4,0.26,Rawang,"3A, Jalan Ceylon, Bukit Ceylon",davidsonvali1120@gmail.com,017-3032-8768,0.1,Net 45,30/10/2024
194,16/09/2024,Karthik Ramasamy,Yellow Bottle,261,7,1827,Paid,BATCH-0049,07/06/2024,Uthaya,13.38,0.19,Banting,"Lot 8234, Jalan 51a/227, Seksyen 51a",karthik_ram@gmail.com,011-4604-4833,0.05,Net 45,31/10/2024
195,16/09/2024,Nur Nurulhaida Danial binti Nazuri,Black Steel Bottle,218,8,1744,Pending,BATCH-0077,02/06/2024,Iskandar,12.13,0.07,Rawang,"150, Jalan Mega Mendung, Taman United",andrea12nur@gmail.com,015-1543-6195,0.05,Net 60,15/11/2024
196,16/09/2024,Suresh Pillai,White Colander,102,2,204,Paid,BATCH-0044,06/06/2024,Uthaya,17.12,0.3,Rawang,"7a, Jalan 51/215, Seksyen 51",sureshpillai02@gmail.com,014-8084-5342,0.1,Net 30,16/10/2024
197,16/09/2024,SynergyMed,Blue Bottle,125,5,625,Pending,BATCH-0017,05/06/2024,David,5.22,0.27,Puchong,"4, Jalan Serindit 2, Bandar Puchong Jaya",synergy_med@gmail.com,019-7088-8276,0.05,Net 30,16/10/2024
198,16/09/2024,Tan Chee Keong,Blue Bottle,204,5,1020,Pending,BATCH-0057,09/06/2024,Jie Ning,14.91,0.24,Puchong,"43, Jln SS 15/4E",cheekeongtan3@gmail.com,015-5968-9251,0.07,Net 30,16/10/2024
199,17/09/2024,Mala Krishnan,Blue Steel Bottle,25,15,375,Pending,BATCH-0005,05/06/2024,Kumar,16.24,0.16,Banting,"7, Jalan Tun Sambanthan 4, Brickfields",malamasala_01@gmail.com,013-1224-5867,0.07,Net 30,17/10/2024
200,17/09/2024,Nisha Lee Farida,White Steel Bottle,272,11,2992,Paid,BATCH-0084,14/06/2024,Catherine,17.69,0.11,Banting,"25, Jalan Puteri 5/16, Bandar Puteri",nishh_22@gmail.com,012-3678-6748,0.07,Net 30,17/10/2024
201,18/09/2024,Sara Tanisha Ling,Red Glass Bottle,121,12,1452,Pending,BATCH-0082,25/06/2024,Kumar,5.66,0.3,Alam Jaya,"39, Jalan Kilang 51/B, Pjs 51",saraTanish11@gmail.com,019-2869-5043,0.1,Net 60,17/11/2024
202,19/09/2024,Ahmad Firdaus bin Abdullah,Orange Colander,254,3,762,Pending,BATCH-0021,21/06/2024,Alif,8.78,0.23,Banting,"Block C, Unit 15-5, The Troika, Persiaran KLCC",ahmad.firdaus@hotmail.com,015-3930-3260,0.07,Net 60,18/11/2024
203,19/09/2024,Lim Siew Ling,White Steel Bottle,165,11,1815,Paid,BATCH-0080,30/06/2024,David,14.49,0.21,Puchong,"14, Jalan Puteri 5/2, Bandar Puteri",siewling_lim@gmail.com,016-9231-1011,0.07,Net 60,18/11/2024
204,19/09/2024,Mala Krishnan,Red Bottle,68,4,272,Pending,BATCH-0034,24/06/2024,Uthaya,6.59,0.22,Puchong,"7, Jalan Tun Sambanthan 4, Brickfields",malamasala_01@gmail.com,013-1224-5867,0.07,Net 60,18/11/2024
205,19/09/2024,Mohd Rizal bin Bakar,Black Steel Bottle,83,8,664,Paid,BATCH-0013,03/06/2024,Uthaya,16.52,0.29,Alam Jaya,"Block A, Unit 7-3, Tropicana Grande, Persiaran Tropicana, Tropicana",rizal.bakar@gmail.com,011-7747-1475,0.1,Net 45,03/11/2024
206,19/09/2024,Tan Yong Jin,Black Bottle,152,9,1368,Paid,BATCH-0073,24/06/2024,Catherine,13.72,0.27,Banting,"23, Jalan Prima Saujana 1/4j, Prima Saujana",tantan1454@gmail.com,018-7206-1093,0.05,Net 45,03/11/2024
207,20/09/2024,Mohamad Haji Shafiq bin Wan Ishaq Syazwan,Yellow Bottle,242,7,1694,Paid,BATCH-0067,25/06/2024,Kai Wen,14.41,0.09,Rawang,"102, Jln Imbi, Bukit Bintang",mhdhajiiishf@hotmail.com,016-6707-4143,0.05,Net 60,19/11/2024
208,20/09/2024,SynergyMed,White Steel Bottle,148,11,1628,Paid,BATCH-0078,20/06/2024,Jie Ning,14.5,0.21,Banting,"4, Jalan Serindit 2, Bandar Puchong Jaya",synergy_med@gmail.com,019-7088-8276,0.07,Net 30,20/10/2024
209,22/09/2024,Lee Wei Han,White Colander,191,2,382,Paid,BATCH-0027,14/06/2024,Alif,10.53,0.25,Alam Jaya,"1-041, 1st Floor, Plaza Low Yat, Jln Bukit Bintang",leslielee@gmail.com,011-7512-7289,0.1,Net 60,21/11/2024
210,22/09/2024,Priya a/p Subramaniam,White Steel Bottle,103,11,1133,Paid,BATCH-0024,07/06/2024,Catherine,19.86,0.05,Banting,"18, Lorong PJS 2c/11n, PJ Seksyen 2C - 2D",priya.subramaniam@hotmail.com,015-5502-1820,0.07,Net 45,06/11/2024
211,23/09/2024,Hafiz Wong,Blue Bottle,19,5,95,Pending,BATCH-0032,06/06/2024,David,10.45,0.3,Rawang,"1, Jalan Pemberita U1/49, Kawasan Perindustrian Temasya",hasattr.hafiz@gmail.com,019-5762-5620,0.1,Net 60,22/11/2024
212,23/09/2024,Jefri anak Lang,Blue Steel Bottle,71,15,1065,Paid,BATCH-0077,07/06/2024,Jonathan Wong,5.28,0.24,Alam Jaya,"7, Jalan Jernai 8, Medan Idaman",JLfri9090@gmail.com,018-7442-5049,0.1,Net 45,07/11/2024
213,23/09/2024,Phang Xin Yi,Blue Steel Bottle,11,15,165,Paid,BATCH-0081,10/06/2024,David,11.67,0.21,Rawang,"Block C, Unit 20-1, Marc Residence, Jalan Pinang",phang.xiny@gmail.com,014-5259-4953,0.1,Net 45,07/11/2024
214,25/09/2024,Kasinather a/l Waythamoorthy,Black Steel Bottle,118,8,944,Paid,BATCH-0010,12/06/2024,Alif,16.08,0.04,Puchong,"3, Jalan Bersatu 13, Taman Bersatu",kasin1997@gmail.com,012-8619-8997,0.1,Net 60,24/11/2024
215,25/09/2024,Siti Aisyah,Black Steel Bottle,42,8,336,Paid,BATCH-0046,02/06/2024,Alif,10.25,0.2,Banting,"Block B, Unit 9-6, Kiara 9 Residency, Jln Kiara 3, Mont Kiara",siti-aisyah@yahoo.com,018-7507-3245,0.1,Net 45,09/11/2024
216,26/09/2024,EcoMart Ventures Sdn Bhd,Black Bottle,284,9,2556,Paid,BATCH-0058,11/06/2024,David,7.84,0.17,Puchong,"41, Persiaran Tasek, Kawasan Perindustrian Tasek",ecomart.ventures@gmail.com,017-6300-3823,0.05,Net 45,10/11/2024
217,26/09/2024,Nur Amirah,Red Bottle,188,4,752,Pending,BATCH-0022,22/06/2024,Jie Ning,19.48,0.3,Puchong,"12, Jalan Desa Dahlia 1, Taman Desa Dahlia",amirah0102@hotmail.com,014-2677-2280,0.05,Net 30,26/10/2024
218,26/09/2024,Vijay Kumar,Blue Bottle,191,5,955,Paid,BATCH-0079,12/06/2024,Kumar,15.4,0.12,Alam Jaya,"Block A, Unit 21-15, The Troika, Persiaran KLCC",vijay007@gmail.com,014-1556-5959,0.05,Net 60,25/11/2024
219,27/09/2024,Aina Maisarah binti Ibrahim,White Colander,33,2,66,Pending,BATCH-0034,26/06/2024,Kumar,14.52,0.06,Rawang,"Block C, Unit 12-8, Icon Residence, Jalan SS8/39",ainamaisarah@gmail.com,010-6811-2414,0.07,Net 60,26/11/2024
220,27/09/2024,Anjali a/l Devi,Black Bottle,9,9,81,Paid,BATCH-0019,04/06/2024,Kumar,12.25,0.19,Alam Jaya,"145, Jalan 3/1, Taman Serdang Jaya",anjaliDevv601@gmail.com,019-9165-2946,0.07,Net 60,26/11/2024
221,27/09/2024,Nur Nurulhaida Danial binti Nazuri,White Colander,45,2,90,Paid,BATCH-0095,25/06/2024,Jie Ning,17.79,0.2,Banting,"150, Jalan Mega Mendung, Taman United",andrea12nur@gmail.com,015-1543-6195,0.1,Net 30,27/10/2024
222,28/09/2024,Nur Amirah,Blue Steel Bottle,101,15,1515,Paid,BATCH-0038,08/06/2024,Kai Wen,7.88,0.13,Puchong,"12, Jalan Desa Dahlia 1, Taman Desa Dahlia",amirah0102@hotmail.com,014-2677-2280,0.05,Net 60,27/11/2024
223,28/09/2024,Ong Chee Ming,Blue Steel Bottle,59,15,885,Pending,BATCH-0008,29/06/2024,Catherine,15.22,0.2,Rawang,"35, Jalan Pengacara U1/48, Kawasan Perindustrian Temasya",ong_cheeming@gmail.com,017-2389-6704,0.05,Net 60,27/11/2024
224,28/09/2024,Rosalyn anak Maja,Blue Bottle,117,5,585,Paid,BATCH-0059,19/06/2024,Alif,10.7,0.18,Rawang,"13, Jalan Ros 2a/3, Taman Ros",rosalyn_a_maja@gmail.com,019-8515-3863,0.1,Net 60,27/11/2024
225,28/09/2024,Wong Lai Yee,Red Glass Bottle,155,12,1860,Paid,BATCH-0037,29/06/2024,Iskandar,17.0,0.3,Banting,"34, Jln Tun Sambanthan 3, Brickfields",laiyee_wong@gmail.com,016-5349-2647,0.05,Net 60,27/11/2024
226,29/09/2024,Amirul Hakim bin Mohamad,White Colander,158,2,316,Paid,BATCH-0073,11/06/2024,Kumar,17.81,0.2,Puchong,"Tower B, Unit 25-5, Sunway Geo Residences, Jalan Lagoon Selatan, Bandar Sunway",amirul.hakim@gmail.com,016-7411-8339,0.1,Net 60,28/11/2024
227,29/09/2024,Ramesh Rajan,Red Bottle,167,4,668,Paid,BATCH-0006,06/06/2024,Iskandar,10.17,0.01,Alam Jaya,"36, Lorong Seri Gambut 3, Bandar Putera",ramesh.rajan@gmail.com,010-4325-8198,0.07,Net 30,29/10/2024
228,30/09/2024,Ahmad Firdaus bin Abdullah,Red Bottle,28,4,112,Pending,BATCH-0075,27/06/2024,Kai Wen,8.73,0.17,Alam Jaya,"Block C, Unit 15-5, The Troika, Persiaran KLCC",ahmad.firdaus@hotmail.com,015-3930-3260,0.07,Net 45,14/11/2024
229,01/10/2024,Low Boon Heng,Black Steel Bottle,44,8,352,Paid,BATCH-0005,09/06/2024,Jeevandran,12.67,0.19,Rawang,"Block A, Unit 12-3, City Gardens Condominium, Jalan Raja Chulan",low.bh@gmail.com,015-5963-5488,0.05,Net 45,15/11/2024
230,01/10/2024,Mohamad Haji Shafiq bin Wan Ishaq Syazwan,Blue Steel Bottle,57,15,855,Paid,BATCH-0024,19/06/2024,Catherine,14.35,0.06,Puchong,"102, Jln Imbi, Bukit Bintang",mhdhajiiishf@hotmail.com,016-6707-4143,0.07,Net 60,30/11/2024
231,01/10/2024,Wong Lai Yee,Black Steel Bottle,62,8,496,Paid,BATCH-0094,10/06/2024,Kai Wen,14.01,0.21,Puchong,"34, Jln Tun Sambanthan 3, Brickfields",laiyee_wong@gmail.com,016-5349-2647,0.05,Net 30,31/10/2024
232,02/10/2024,Karthik Ramasamy,Yellow Bottle,97,7,679,Paid,BATCH-0044,23/06/2024,Uthaya,15.11,0.21,Puchong,"Lot 8234, Jalan 51a/227, Seksyen 51a",karthik_ram@gmail.com,011-4604-4833,0.05,Net 30,01/11/2024
233,02/10/2024,Lee Wei Han,Orange Colander,277,3,831,Paid,BATCH-0009,27/06/2024,Jeevandran,17.2,0.13,Alam Jaya,"1-041, 1st Floor, Plaza Low Yat, Jln Bukit Bintang",leslielee@gmail.com,011-7512-7289,0.1,Net 60,01/12/2024
234,02/10/2024,Low Boon Heng,Red Glass Bottle,17,12,204,Paid,BATCH-0091,21/06/2024,Kumar,5.43,0.28,Rawang,"Block A, Unit 12-3, City Gardens Condominium, Jalan Raja Chulan",low.bh@gmail.com,015-5963-5488,0.07,Net 30,01/11/2024
235,02/10/2024,Mala Krishnan,Black Bottle,125,9,1125,Paid,BATCH-0068,28/06/2024,Uthaya,14.98,0.16,Banting,"7, Jalan Tun Sambanthan 4, Brickfields",malamasala_01@gmail.com,013-1224-5867,0.1,Net 60,01/12/2024
236,03/10/2024,Nur Nurulhaida Danial binti Nazuri,Yellow Bottle,203,7,1421,Pending,BATCH-0076,22/06/2024,Jeevandran,12.06,0.02,Alam Jaya,"150, Jalan Mega Mendung, Taman United",andrea12nur@gmail.com,015-1543-6195,0.07,Net 30,02/11/2024
237,04/10/2024,Aina Maisarah binti Ibrahim,Red Glass Bottle,256,12,3072,Paid,BATCH-0057,10/06/2024,Alif,7.76,0.24,Rawang,"Block C, Unit 12-8, Icon Residence, Jalan SS8/39",ainamaisarah@gmail.com,010-6811-2414,0.07,Net 45,18/11/2024
238,04/10/2024,Khairul Anuar,Blue Bottle,272,5,1360,Paid,BATCH-0034,02/06/2024,Kai Wen,6.47,0.22,Alam Jaya,"Block D, Unit 17-2, Setia Sky Residences, Jalan Raja Muda Abdul Aziz",masanu888@gmail.com,012-8670-2265,0.05,Net 60,03/12/2024
239,04/10/2024,Nisha Lee Farida,Black Bottle,280,9,2520,Paid,BATCH-0017,21/06/2024,David,10.03,0.26,Alam Jaya,"25, Jalan Puteri 5/16, Bandar Puteri",nishh_22@gmail.com,012-3678-6748,0.07,Net 45,18/11/2024
240,04/10/2024,Nur Nurulhaida Danial binti Nazuri,Black Bottle,110,9,990,Paid,BATCH-0015,12/06/2024,David,17.06,0.01,Alam Jaya,"150, Jalan Mega Mendung, Taman United",andrea12nur@gmail.com,015-1543-6195,0.07,Net 60,03/12/2024
241,04/10/2024,Siti Aisyah,White Colander,250,2,500,Paid,BATCH-0033,03/06/2024,Kai Wen,13.5,0.18,Alam Jaya,"Block B, Unit 9-6, Kiara 9 Residency, Jln Kiara 3, Mont Kiara",siti-aisyah@yahoo.com,018-7507-3245,0.07,Net 60,03/12/2024
242,05/10/2024,Clement Tan,Yellow Bottle,233,7,1631,Pending,BATCH-0032,11/06/2024,Jeevandran,6.67,0.15,Rawang,"37, Jalan 2/3e, Dataran Templer",clement.tan69@gmail.com,019-9447-3463,0.1,Net 60,04/12/2024
243,05/10/2024,Mala Krishnan,Yellow Bottle,23,7,161,Pending,BATCH-0055,09/06/2024,Jonathan Wong,7.39,0.09,Alam Jaya,"7, Jalan Tun Sambanthan 4, Brickfields",malamasala_01@gmail.com,013-1224-5867,0.1,Net 30,04/11/2024
244,06/10/2024,Priya a/p Subramaniam,Black Bottle,93,9,837,Pending,BATCH-0085,11/06/2024,Jie Ning,8.08,0.07,Banting,"18, Lorong PJS 2c/11n, PJ Seksyen 2C - 2D",priya.subramaniam@hotmail.com,015-5502-1820,0.07,Net 30,05/11/2024
245,06/10/2024,Tan Yong Jin,Black Steel Bottle,187,8,1496,Paid,BATCH-0024,22/06/2024,Kai Wen,5.18,0.2,Puchong,"23, Jalan Prima Saujana 1/4j, Prima Saujana",tantan1454@gmail.com,018-7206-1093,0.1,Net 30,05/11/2024
246,08/10/2024,Amirul Hakim bin Mohamad,White Steel Bottle,85,11,935,Pending,BATCH-0013,27/06/2024,Catherine,11.04,0.17,Alam Jaya,"Tower B, Unit 25-5, Sunway Geo Residences, Jalan Lagoon Selatan, Bandar Sunway",amirul.hakim@gmail.com,016-7411-8339,0.1,Net 60,07/12/2024
247,09/10/2024,Hafiz Wong,Blue Bottle,46,5,230,Paid,BATCH-0036,24/06/2024,Iskandar,7.22,0.12,Puchong,"1, Jalan Pemberita U1/49, Kawasan Perindustrian Temasya",hasattr.hafiz@gmail.com,019-5762-5620,0.05,Net 30,08/11/2024
248,09/10/2024,Jefri anak Lang,Blue Bottle,101,5,505,Pending,BATCH-0059,14/06/2024,Jie Ning,19.33,0.04,Alam Jaya,"7, Jalan Jernai 8, Medan Idaman",JLfri9090@gmail.com,018-7442-5049,0.05,Net 45,23/11/2024
249,10/10/2024,Farah Nadia binti Khalid,Red Bottle,131,4,524,Pending,BATCH-0084,19/06/2024,Jeevandran,12.83,0.11,Banting,"117, Jln Imbi, Bukit Bintang",farahlovedaisy@gmail.com,010-1644-1914,0.07,Net 60,09/12/2024
250,10/10/2024,Ong Chee Ming,Red Glass Bottle,16,12,192,Pending,BATCH-0058,30/06/2024,Kai Wen,9.92,0.18,Rawang,"35, Jalan Pengacara U1/48, Kawasan Perindustrian Temasya",ong_cheeming@gmail.com,017-2389-6704,0.1,Net 60,09/12/2024
251,10/10/2024,Siti Aisyah,Orange Colander,294,3,882,Pending,BATCH-0034,25/06/2024,David,12.14,0.09,Banting,"Block B, Unit 9-6, Kiara 9 Residency, Jln Kiara 3, Mont Kiara",siti-aisyah@yahoo.com,018-7507-3245,0.1,Net 60,09/12/2024
252,11/10/2024,Maria anak Kalong,Blue Bottle,86,5,430,Pending,BATCH-0057,05/06/2024,Alif,15.73,0.12,Alam Jaya,"63, Jalan Cempaka 1a, Taman Anugerah Suria",mariamariammama@gmail.com,010-8654-1894,0.07,Net 60,10/12/2024
253,12/10/2024,Karthik Ramasamy,Orange Colander,226,3,678,Pending,BATCH-0051,06/06/2024,Iskandar,10.33,0.02,Alam Jaya,"Lot 8234, Jalan 51a/227, Seksyen 51a",karthik_ram@gmail.com,011-4604-4833,0.1,Net 30,11/11/2024
254,12/10/2024,Kavitha Nair,Blue Steel Bottle,71,15,1065,Paid,BATCH-0012,08/06/2024,Catherine,13.79,0.26,Puchong,"5, Jalan Damai 25/60, Taman Sri Muda",kavitha.nair@gmail.com,019-838-3712,0.05,Net 60,11/12/2024
255,13/10/2024,Ng Li Wei,Yellow Bottle,71,7,497,Paid,BATCH-0051,02/06/2024,Jie Ning,5.92,0.1,Puchong,"36-1, Jalan Puteri 7/10, Bandar Puteri",liwei999@gmail.com,014-6692-8533,0.07,Net 45,27/11/2024
256,13/10/2024,Tan Chee Keong,White Colander,300,2,600,Pending,BATCH-0022,11/06/2024,Uthaya,9.34,0.1,Alam Jaya,"43, Jln SS 15/4E",cheekeongtan3@gmail.com,015-5968-9251,0.05,Net 45,27/11/2024
257,14/10/2024,Haziq Kumar,White Steel Bottle,299,11,3289,Paid,BATCH-0014,27/06/2024,Uthaya,12.31,0.04,Banting,"1419, Jalan 17/26, Seksyen 17",haziq2_kum@gmail.com,012-4101-1540,0.1,Net 60,13/12/2024
258,14/10/2024,Mala Krishnan,White Steel Bottle,147,11,1617,Paid,BATCH-0046,15/06/2024,Jonathan Wong,11.79,0.05,Banting,"7, Jalan Tun Sambanthan 4, Brickfields",malamasala_01@gmail.com,013-1224-5867,0.07,Net 60,13/12/2024
259,15/10/2024,Chia Wei Lian,Orange Colander,138,3,414,Paid,BATCH-0011,22/06/2024,Kai Wen,8.43,0.07,Rawang,"8, Lorong Kiri 11, Kampung Datuk Keramat",lianlianchia@gmail.com,018-5195-6012,0.1,Net 45,29/11/2024
260,16/10/2024,John Davis,Red Bottle,92,4,368,Paid,BATCH-0007,20/06/2024,Catherine,7.11,0.12,Puchong,"12, Jalan Todak 17/12, Seksyen 17",johndavis99@gmail.com,014-438-6869,0.1,Net 45,30/11/2024
261,16/10/2024,Kavitha Nair,Red Glass Bottle,261,12,3132,Paid,BATCH-0084,17/06/2024,David,13.33,0.2,Banting,"5, Jalan Damai 25/60, Taman Sri Muda",kavitha.nair@gmail.com,019-838-3712,0.05,Net 30,15/11/2024
262,16/10/2024,Khairul Anuar,Blue Bottle,146,5,730,Paid,BATCH-0064,22/06/2024,Catherine,7.01,0.29,Alam Jaya,"Block D, Unit 17-2, Setia Sky Residences, Jalan Raja Muda Abdul Aziz",masanu888@gmail.com,012-8670-2265,0.05,Net 30,15/11/2024
263,16/10/2024,Wong Lai Yee,White Colander,163,2,326,Pending,BATCH-0058,12/06/2024,Jonathan Wong,9.98,0.0,Puchong,"34, Jln Tun Sambanthan 3, Brickfields",laiyee_wong@gmail.com,016-5349-2647,0.07,Net 60,15/12/2024
264,17/10/2024,Kasinather a/l Waythamoorthy,White Steel Bottle,228,11,2508,Paid,BATCH-0001,02/06/2024,Kumar,18.83,0.04,Banting,"3, Jalan Bersatu 13, Taman Bersatu",kasin1997@gmail.com,012-8619-8997,0.07,Net 45,01/12/2024
265,17/10/2024,Mala Krishnan,Black Steel Bottle,67,8,536,Paid,BATCH-0077,20/06/2024,Jonathan Wong,12.75,0.16,Puchong,"7, Jalan Tun Sambanthan 4, Brickfields",malamasala_01@gmail.com,013-1224-5867,0.07,Net 60,16/12/2024
266,17/10/2024,Mohd Rizal bin Bakar,White Colander,116,2,232,Paid,BATCH-0059,22/06/2024,Jonathan Wong,14.22,0.13,Rawang,"Block A, Unit 7-3, Tropicana Grande, Persiaran Tropicana, Tropicana",rizal.bakar@gmail.com,011-7747-1475,0.05,Net 60,16/12/2024
267,17/10/2024,Wong Lai Yee,Red Glass Bottle,12,12,144,Paid,BATCH-0064,21/06/2024,Kumar,9.18,0.02,Alam Jaya,"34, Jln Tun Sambanthan 3, Brickfields",laiyee_wong@gmail.com,016-5349-2647,0.07,Net 60,16/12/2024
268,18/10/2024,Haziq Kumar,Red Bottle,251,4,1004,Paid,BATCH-0023,01/06/2024,Jeevandran,5.36,0.12,Alam Jaya,"1419, Jalan 17/26, Seksyen 17",haziq2_kum@gmail.com,012-4101-1540,0.07,Net 60,17/12/2024
269,18/10/2024,Kasinather a/l Waythamoorthy,Yellow Bottle,78,7,546,Pending,BATCH-0030,13/06/2024,Iskandar,9.93,0.09,Banting,"3, Jalan Bersatu 13, Taman Bersatu",kasin1997@gmail.com,012-8619-8997,0.05,Net 30,17/11/2024
270,19/10/2024,Ramesh Rajan,Red Bottle,33,4,132,Pending,BATCH-0042,04/06/2024,David,7.76,0.06,Alam Jaya,"36, Lorong Seri Gambut 3, Bandar Putera",ramesh.rajan@gmail.com,010-4325-8198,0.05,Net 30,18/11/2024
271,20/10/2024,EcoMart Ventures Sdn Bhd,Blue Bottle,265,5,1325,Paid,BATCH-0055,05/06/2024,Uthaya,6.25,0.27,Banting,"41, Persiaran Tasek, Kawasan Perindustrian Tasek",ecomart.ventures@gmail.com,017-6300-3823,0.1,Net 60,19/12/2024
272,20/10/2024,Lim Mei Ling,Black Bottle,140,9,1260,Pending,BATCH-0090,16/06/2024,David,18.04,0.22,Puchong,"20, Jalan Pulau Pinang 8, Taman Bukit Intan",maylim88@gmail.com,016-8176-7587,0.05,Net 60,19/12/2024
273,20/10/2024,Neoh Liau Han,Yellow Bottle,57,7,399,Paid,BATCH-0033,19/06/2024,Alif,18.71,0.24,Alam Jaya,"4, Lrg Padang 1C, Taman Prima Impian",neohlh_1307@gmail.com,011-7926-3880,0.07,Net 45,04/12/2024
274,20/10/2024,Ng Li Wei,Orange Colander,150,3,450,Paid,BATCH-0092,02/06/2024,Catherine,15.53,0.12,Puchong,"36-1, Jalan Puteri 7/10, Bandar Puteri",liwei999@gmail.com,014-6692-8533,0.1,Net 45,04/12/2024
275,20/10/2024,Sara Tanisha Ling,White Colander,275,2,550,Pending,BATCH-0029,10/06/2024,Jonathan Wong,18.34,0.14,Puchong,"39, Jalan Kilang 51/B, Pjs 51",saraTanish11@gmail.com,019-2869-5043,0.05,Net 60,19/12/2024
276,20/10/2024,Tan Yong Jin,White Colander,232,2,464,Pending,BATCH-0082,23/06/2024,Alif,7.95,0.05,Banting,"23, Jalan Prima Saujana 1/4j, Prima Saujana",tantan1454@gmail.com,018-7206-1093,0.07,Net 60,19/12/2024
277,21/10/2024,Nisha Lee Farida,Red Glass Bottle,168,12,2016,Paid,BATCH-0017,23/06/2024,Catherine,5.04,0.09,Alam Jaya,"25, Jalan Puteri 5/16, Bandar Puteri",nishh_22@gmail.com,012-3678-6748,0.1,Net 45,05/12/2024
278,21/10/2024,Phang Xin Yi,Yellow Bottle,11,7,77,Pending,BATCH-0008,16/06/2024,Jonathan Wong,7.82,0.06,Puchong,"Block C, Unit 20-1, Marc Residence, Jalan Pinang",phang.xiny@gmail.com,014-5259-4953,0.05,Net 30,20/11/2024
279,22/10/2024,Farah Nadia binti Khalid,Blue Steel Bottle,72,15,1080,Pending,BATCH-0090,27/06/2024,Uthaya,15.78,0.12,Rawang,"117, Jln Imbi, Bukit Bintang",farahlovedaisy@gmail.com,010-1644-1914,0.07,Net 45,06/12/2024
280,22/10/2024,Nur Amirah,Yellow Bottle,204,7,1428,Pending,BATCH-0008,26/06/2024,Alif,15.34,0.1,Rawang,"12, Jalan Desa Dahlia 1, Taman Desa Dahlia",amirah0102@hotmail.com,014-2677-2280,0.05,Net 30,21/11/2024
281,23/10/2024,Ramesh Rajan,White Steel Bottle,279,11,3069,Pending,BATCH-0047,28/06/2024,Catherine,14.93,0.17,Rawang,"36, Lorong Seri Gambut 3, Bandar Putera",ramesh.rajan@gmail.com,010-4325-8198,0.1,Net 60,22/12/2024
282,23/10/2024,Wawasan AgroTech Sdn Bhd,White Colander,4,2,8,Pending,BATCH-0004,08/06/2024,Jeevandran,5.74,0.07,Rawang,"Unit 1009, Level 10, Tropicana Gardens Office Tower, No. 2A, Persiaran Surian, Tropicana Indah",wawasan_agro6@gmail.com,015-1236-4905,0.1,Net 60,22/12/2024
283,24/10/2024,Jefri anak Lang,Yellow Bottle,236,7,1652,Pending,BATCH-0014,02/06/2024,Jonathan Wong,11.38,0.25,Puchong,"7, Jalan Jernai 8, Medan Idaman",JLfri9090@gmail.com,018-7442-5049,0.07,Net 60,23/12/2024
284,24/10/2024,Neoh Liau Han,White Steel Bottle,292,11,3212,Pending,BATCH-0010,29/06/2024,Catherine,10.62,0.29,Banting,"4, Lrg Padang 1C, Taman Prima Impian",neohlh_1307@gmail.com,011-7926-3880,0.07,Net 30,23/11/2024
285,24/10/2024,Nur Nurulhaida Danial binti Nazuri,Red Bottle,263,4,1052,Pending,BATCH-0018,19/06/2024,Jonathan Wong,5.64,0.21,Puchong,"150, Jalan Mega Mendung, Taman United",andrea12nur@gmail.com,015-1543-6195,0.1,Net 30,23/11/2024
286,24/10/2024,Tan Chee Keong,Black Steel Bottle,168,8,1344,Pending,BATCH-0006,04/06/2024,Jie Ning,17.63,0.14,Banting,"43, Jln SS 15/4E",cheekeongtan3@gmail.com,015-5968-9251,0.07,Net 30,23/11/2024
287,24/10/2024,Wong Lai Yee,Black Bottle,93,9,837,Paid,BATCH-0035,09/06/2024,Kai Wen,5.49,0.1,Rawang,"34, Jln Tun Sambanthan 3, Brickfields",laiyee_wong@gmail.com,016-5349-2647,0.07,Net 60,23/12/2024
288,25/10/2024,John Davis,White Steel Bottle,27,11,297,Pending,BATCH-0089,01/06/2024,Catherine,6.19,0.17,Banting,"12, Jalan Todak 17/12, Seksyen 17",johndavis99@gmail.com,014-438-6869,0.07,Net 45,09/12/2024
289,25/10/2024,Vijay Kumar,Blue Bottle,233,5,1165,Pending,BATCH-0060,10/06/2024,Uthaya,8.33,0.24,Alam Jaya,"Block A, Unit 21-15, The Troika, Persiaran KLCC",vijay007@gmail.com,014-1556-5959,0.05,Net 45,09/12/2024
290,26/10/2024,EcoMart Ventures Sdn Bhd,Black Steel Bottle,239,8,1912,Paid,BATCH-0017,27/06/2024,Jonathan Wong,15.12,0.26,Banting,"41, Persiaran Tasek, Kawasan Perindustrian Tasek",ecomart.ventures@gmail.com,017-6300-3823,0.07,Net 60,25/12/2024
291,26/10/2024,Low Boon Heng,Orange Colander,274,3,822,Paid,BATCH-0056,17/06/2024,Kumar,8.1,0.16,Puchong,"Block A, Unit 12-3, City Gardens Condominium, Jalan Raja Chulan",low.bh@gmail.com,015-5963-5488,0.1,Net 60,25/12/2024
292,27/10/2024,Mala Krishnan,Orange Colander,236,3,708,Pending,BATCH-0098,17/06/2024,Kai Wen,10.66,0.09,Rawang,"7, Jalan Tun Sambanthan 4, Brickfields",malamasala_01@gmail.com,013-1224-5867,0.07,Net 30,26/11/2024
293,27/10/2024,Priya a/p Subramaniam,White Steel Bottle,182,11,2002,Paid,BATCH-0058,13/06/2024,David,7.92,0.29,Puchong,"18, Lorong PJS 2c/11n, PJ Seksyen 2C - 2D",priya.subramaniam@hotmail.com,015-5502-1820,0.05,Net 30,26/11/2024
294,27/10/2024,Wong Lai Yee,Yellow Bottle,33,7,231,Paid,BATCH-0029,04/06/2024,Kai Wen,11.8,0.08,Puchong,"34, Jln Tun Sambanthan 3, Brickfields",laiyee_wong@gmail.com,016-5349-2647,0.07,Net 30,26/11/2024
295,29/10/2024,Siew Wen Qi,Blue Bottle,280,5,1400,Pending,BATCH-0032,03/06/2024,Alif,14.7,0.13,Puchong,"Subang Square, SG-03-0, Ground Floor, Shopping Gallery, Jln SS 15/4G",wenqi00@yahoo.com,014-8833-4735,0.05,Net 30,28/11/2024
296,30/10/2024,Clement Tan,White Colander,22,2,44,Pending,BATCH-0031,28/06/2024,Uthaya,9.79,0.11,Rawang,"37, Jalan 2/3e, Dataran Templer",clement.tan69@gmail.com,019-9447-3463,0.05,Net 45,14/12/2024
297,30/10/2024,Nur Amirah,Red Bottle,232,4,928,Pending,BATCH-0026,30/06/2024,David,6.37,0.02,Banting,"12, Jalan Desa Dahlia 1, Taman Desa Dahlia",amirah0102@hotmail.com,014-2677-2280,0.05,Net 60,29/12/2024
298,31/10/2024,Anjali a/l Devi,Orange Colander,37,3,111,Paid,BATCH-0068,24/06/2024,Jonathan Wong,16.99,0.03,Puchong,"145, Jalan 3/1, Taman Serdang Jaya",anjaliDevv601@gmail.com,019-9165-2946,0.05,Net 45,15/12/2024
299,31/10/2024,Muhammad Hafiz,Yellow Bottle,157,7,1099,Pending,BATCH-0088,23/06/2024,Kai Wen,19.89,0.18,Banting,"Tower B, Unit 22-4, Jalan Kiara 4, Mont Kiara",mu-hafiz@gmail.com,016-9980-5886,0.05,Net 45,15/12/2024
300,31/10/2024,Siew Wen Qi,Red Glass Bottle,43,12,516,Paid,BATCH-0052,06/06/2024,Catherine,12.15,0.02,Alam Jaya,"Subang Square, SG-03-0, Ground Floor, Shopping Gallery, Jln SS 15/4G",wenqi00@yahoo.com,014-8833-4735,0.05,Net 30,30/11/2024
